CarID,GoodsNO,GoodsName,CreateDate,CarBrand,CarYear,CarStyle,CarAgeYears,DaysSinceLast,PartMedianCycleDays,RawRatio,FailureProb,FailureRate,RUL
BSU1151,G05102,ABS感測器,2007-06-28,Nissan,2001,Altima,6,0,2173.0,0.0,0.154465265,0.18,2074.0
BSU1151,G05221,ABS感測器,2013-03-02,Nissan,2001,Altima,12,2074,2173.0,0.954440865,0.624544289,0.16,2224.0
BSU1151,G05364,ABS感測器,2019-04-04,Nissan,2001,Altima,18,2224,2173.0,1.023469857,0.720499314,0.15,2439.0
BSU1151,G05084,三元催化器,2006-05-05,Nissan,2001,Altima,5,0,3213.5,0.0,0.148047198,0.11,3416.0
BSU1151,G05282,三元催化器,2015-09-11,Nissan,2001,Altima,14,3416,3213.5,1.063015404,0.695515011,0.11,3322.0
BSU1151,G05497,三元催化器,2024-10-15,Nissan,2001,Altima,23,3322,3213.5,1.033763809,0.771628163,,
BSU1151,G05299,乾燥器,2016-05-24,Nissan,2001,Altima,15,0,1685.0,0.0,0.222700139,0.19,1952.0
BSU1151,G05428,乾燥器,2021-09-27,Nissan,2001,Altima,20,1952,1685.0,1.158456973,0.788667809,,
BSU1151,G05211,保險絲,2012-10-27,Nissan,2001,Altima,11,0,2094.0,0.0,0.190001566,0.13,2762.0
BSU1151,G05395,保險絲,2020-05-20,Nissan,2001,Altima,19,2762,2094.0,1.319006686,0.830336415,0.19,1912.0
BSU1151,G05520,保險絲,2025-08-14,Nissan,2001,Altima,24,1912,2094.0,0.913085005,0.736172699,,
BSU1151,G05193,傳動皮帶,2011-08-30,Nissan,2001,Altima,10,0,1755.0,0.0,0.182425524,0.2,1825.0
BSU1151,G05309,傳動皮帶,2016-08-28,Nissan,2001,Altima,15,1825,1755.0,1.03988604,0.696306735,0.2,1856.0
BSU1151,G05430,傳動皮帶,2021-09-27,Nissan,2001,Altima,20,1856,1755.0,1.057549858,0.753078633,0.26,1417.0
BSU1151,G05517,傳動皮帶,2025-08-14,Nissan,2001,Altima,24,1417,1755.0,0.807407407,0.693134562,,
BSU1151,G05129,傳動軸,2009-01-22,Nissan,2001,Altima,8,0,3296.0,0.0,0.167981615,0.11,3187.0
BSU1151,G05331,傳動軸,2017-10-14,Nissan,2001,Altima,16,3187,3296.0,0.966929612,0.675651581,,
BSU1151,G05278,儀表板燈泡,2015-05-20,Nissan,2001,Altima,14,0,1457.0,0.0,0.214165017,0.26,1415.0
BSU1151,G05365,儀表板燈泡,2019-04-04,Nissan,2001,Altima,18,1415,1457.0,0.971173644,0.698959352,0.25,1482.0
BSU1151,G05460,儀表板燈泡,2023-04-25,Nissan,2001,Altima,22,1482,1457.0,1.017158545,0.756634723,,
BSU1151,G05080,冷凝器,2006-05-05,Nissan,2001,Altima,5,0,2982.0,0.0,0.148047198,0.11,3302.0
BSU1151,G05276,冷凝器,2015-05-20,Nissan,2001,Altima,14,3302,2982.0,1.10731053,0.713944843,0.11,3242.0
BSU1151,G05482,冷凝器,2024-04-04,Nissan,2001,Altima,23,3242,2982.0,1.087189805,0.789909437,,
BSU1151,G05179,冷卻液,2011-01-25,Nissan,2001,Altima,10,0,956.0,0.0,0.182425524,0.41,884.0
BSU1151,G05226,冷卻液,2013-06-27,Nissan,2001,Altima,12,884,956.0,0.924686192,0.610490002,0.45,806.0
BSU1151,G05286,冷卻液,2015-09-11,Nissan,2001,Altima,14,806,956.0,0.843096234,0.595365779,0.42,876.0
BSU1151,G05340,冷卻液,2018-02-03,Nissan,2001,Altima,17,876,956.0,0.916317992,0.664326767,0.33,1121.0
BSU1151,G05411,冷卻液,2021-02-28,Nissan,2001,Altima,20,1121,956.0,1.172594142,0.793341858,0.41,886.0
BSU1151,G05466,冷卻液,2023-08-03,Nissan,2001,Altima,22,886,956.0,0.926778243,0.721829853,0.43,857.0
BSU1151,G05147,冷卻液溫度感測器,2009-08-24,Nissan,2001,Altima,8,0,2179.5,0.0,0.167981615,0.17,2209.0
BSU1151,G05283,冷卻液溫度感測器,2015-09-11,Nissan,2001,Altima,14,2209,2179.5,1.013535214,0.674162069,0.16,2336.0
BSU1151,G05439,冷卻液溫度感測器,2022-02-02,Nissan,2001,Altima,21,2336,2179.5,1.07180546,0.767386252,,
BSU1151,G05120,冷卻系統軟管,2008-09-24,Nissan,2001,Altima,7,0,1771.5,0.0,0.16110895,0.18,2011.0
BSU1151,G05248,冷卻系統軟管,2014-03-28,Nissan,2001,Altima,13,2011,1771.5,1.135196161,0.715122037,0.19,1942.0
BSU1151,G05371,冷卻系統軟管,2019-07-22,Nissan,2001,Altima,18,1942,1771.5,1.096246119,0.748850736,0.25,1473.0
BSU1151,G05465,冷卻系統軟管,2023-08-03,Nissan,2001,Altima,22,1473,1771.5,0.83149873,0.682004161,,
BSU1151,G05123,冷卻風扇,2008-09-24,Nissan,2001,Altima,7,0,3154.0,0.0,0.16110895,0.09,3844.0
BSU1151,G05362,冷卻風扇,2019-04-04,Nissan,2001,Altima,18,3844,3154.0,1.218769816,0.792085044,,
BSU1151,G05153,冷媒,2010-04-01,Nissan,2001,Altima,9,0,975.0,0.0,0.175086268,0.44,836.0
BSU1151,G05205,冷媒,2012-07-15,Nissan,2001,Altima,11,836,975.0,0.857435897,0.565833508,0.35,1039.0
BSU1151,G05275,冷媒,2015-05-20,Nissan,2001,Altima,14,1039,975.0,1.065641026,0.696625945,0.42,878.0
BSU1151,G05330,冷媒,2017-10-14,Nissan,2001,Altima,16,878,975.0,0.900512821,0.645890922,0.22,1681.0
BSU1151,G05443,冷媒,2022-05-22,Nissan,2001,Altima,21,1681,975.0,1.724102564,0.924015897,0.34,1064.0
BSU1151,G05510,冷媒,2025-04-20,Nissan,2001,Altima,24,1064,975.0,1.091282051,0.799402491,,
BSU1151,G05206,冷氣壓縮機,2012-07-15,Nissan,2001,Altima,11,0,3142.5,0.0,0.190001566,0.1,3598.0
BSU1151,G05446,冷氣壓縮機,2022-05-22,Nissan,2001,Altima,21,3598,3142.5,1.14494829,0.792472933,,
BSU1151,G05113,冷氣濾網,2008-04-19,Nissan,2001,Altima,7,0,700.5,0.0,0.16110895,0.51,712.0
BSU1151,G05154,冷氣濾網,2010-04-01,Nissan,2001,Altima,9,712,700.5,1.016416845,0.618416786,0.71,516.0
BSU1151,G05192,冷氣濾網,2011-08-30,Nissan,2001,Altima,10,516,700.5,0.736616702,0.493308751,0.55,667.0
BSU1151,G05230,冷氣濾網,2013-06-27,Nissan,2001,Altima,12,667,700.5,0.952177016,0.623481998,0.53,692.0
BSU1151,G05280,冷氣濾網,2015-05-20,Nissan,2001,Altima,14,692,700.5,0.98786581,0.662785374,0.55,669.0
BSU1151,G05317,冷氣濾網,2017-03-19,Nissan,2001,Altima,16,669,700.5,0.95503212,0.670415354,0.39,947.0
BSU1151,G05382,冷氣濾網,2019-10-22,Nissan,2001,Altima,18,947,700.5,1.351891506,0.832546449,0.6,605.0
BSU1151,G05421,冷氣濾網,2021-06-18,Nissan,2001,Altima,20,605,700.5,0.863668808,0.674220759,0.47,776.0
BSU1151,G05471,冷氣濾網,2023-08-03,Nissan,2001,Altima,22,776,700.5,1.107780157,0.78844211,0.43,857.0
BSU1151,G05177,分火頭,2011-01-25,Nissan,2001,Altima,10,0,1716.0,0.0,0.182425524,0.18,2042.0
BSU1151,G05308,分火頭,2016-08-28,Nissan,2001,Altima,15,2042,1716.0,1.18997669,0.755830295,0.21,1755.0
BSU1151,G05419,分火頭,2021-06-18,Nissan,2001,Altima,20,1755,1716.0,1.022727273,0.739901092,,
BSU1151,G05196,分電盤蓋,2012-04-09,Nissan,2001,Altima,11,0,1630.0,0.0,0.190001566,0.23,1602.0
BSU1151,G05307,分電盤蓋,2016-08-28,Nissan,2001,Altima,15,1602,1630.0,0.982822086,0.671647114,0.18,1984.0
BSU1151,G05434,分電盤蓋,2022-02-02,Nissan,2001,Altima,21,1984,1630.0,1.217177914,0.815229602,,
BSU1151,G05168,半軸,2010-11-04,Nissan,2001,Altima,9,0,3849.0,0.0,0.175086268,0.1,3580.0
BSU1151,G05407,半軸,2020-08-23,Nissan,2001,Altima,19,3580,3849.0,0.930111717,0.692157115,,
BSU1151,G05186,含氧感測器,2011-05-20,Nissan,2001,Altima,10,0,1365.5,0.0,0.182425524,0.3,1226.0
BSU1151,G05263,含氧感測器,2014-09-27,Nissan,2001,Altima,13,1226,1365.5,0.897839619,0.609611444,0.27,1329.0
BSU1151,G05350,含氧感測器,2018-05-18,Nissan,2001,Altima,17,1329,1365.5,0.973269865,0.689233809,0.17,2148.0
BSU1151,G05485,含氧感測器,2024-04-04,Nissan,2001,Altima,23,2148,1365.5,1.573050165,0.908553555,,
BSU1151,G05089,啟動繼電器,2006-10-11,Nissan,2001,Altima,5,0,2150.5,0.0,0.148047198,0.14,2562.0
BSU1151,G05234,啟動繼電器,2013-10-16,Nissan,2001,Altima,12,2562,2150.5,1.191350849,0.727643963,0.18,1996.0
BSU1151,G05368,啟動繼電器,2019-04-04,Nissan,2001,Altima,18,1996,2150.5,0.928156243,0.6805526,0.22,1676.0
BSU1151,G05480,啟動繼電器,2023-11-05,Nissan,2001,Altima,22,1676,2150.5,0.779353639,0.658969936,,
BSU1151,G05087,啟動開關,2006-05-05,Nissan,2001,Altima,5,0,4019.0,0.0,0.148047198,0.09,4292.0
BSU1151,G05339,啟動開關,2018-02-03,Nissan,2001,Altima,17,4292,4019.0,1.067927345,0.728268369,,
BSU1151,G05207,啟動馬達,2012-07-15,Nissan,2001,Altima,11,0,3509.0,0.0,0.190001566,0.09,3936.0
BSU1151,G05461,啟動馬達,2023-04-25,Nissan,2001,Altima,22,3936,3509.0,1.12168709,0.793044277,,
BSU1151,G05098,啟動馬達電磁閥,2007-06-28,Nissan,2001,Altima,6,0,2138.5,0.0,0.154465265,0.21,1747.0
BSU1151,G05197,啟動馬達電磁閥,2012-04-09,Nissan,2001,Altima,11,1747,2138.5,0.816927753,0.545834837,0.16,2230.0
BSU1151,G05346,啟動馬達電磁閥,2018-05-18,Nissan,2001,Altima,17,2230,2138.5,1.042787,0.71820476,0.19,1903.0
BSU1151,G05468,啟動馬達電磁閥,2023-08-03,Nissan,2001,Altima,22,1903,2138.5,0.889876081,0.70677086,,
BSU1151,G05137,大燈燈泡,2009-04-26,Nissan,2001,Altima,8,0,642.5,0.0,0.167981615,0.48,754.0
BSU1151,G05184,大燈燈泡,2011-05-20,Nissan,2001,Altima,10,754,642.5,1.173540856,0.699954607,0.47,769.0
BSU1151,G05228,大燈燈泡,2013-06-27,Nissan,2001,Altima,12,769,642.5,1.19688716,0.729832776,0.61,598.0
BSU1151,G05265,大燈燈泡,2015-02-15,Nissan,2001,Altima,14,598,642.5,0.9307393,0.636794591,0.79,464.0
BSU1151,G05304,大燈燈泡,2016-05-24,Nissan,2001,Altima,15,464,642.5,0.722178988,0.548437114,0.59,620.0
BSU1151,G05341,大燈燈泡,2018-02-03,Nissan,2001,Altima,17,620,642.5,0.964980545,0.685671728,0.44,837.0
BSU1151,G05396,大燈燈泡,2020-05-20,Nissan,2001,Altima,19,837,642.5,1.302723735,0.825699124,0.5,732.0
BSU1151,G05445,大燈燈泡,2022-05-22,Nissan,2001,Altima,21,732,642.5,1.139299611,0.790608835,0.83,438.0
BSU1151,G05472,大燈燈泡,2023-08-03,Nissan,2001,Altima,22,438,642.5,0.681712062,0.613826159,0.58,626.0
BSU1151,G05505,大燈燈泡,2025-04-20,Nissan,2001,Altima,24,626,642.5,0.974319066,0.759262078,,
BSU1151,G05155,差速器油,2010-04-01,Nissan,2001,Altima,9,0,1393.5,0.0,0.175086268,0.25,1457.0
BSU1151,G05242,差速器油,2014-03-28,Nissan,2001,Altima,13,1457,1393.5,1.045568712,0.677244529,0.31,1190.0
BSU1151,G05321,差速器油,2017-06-30,Nissan,2001,Altima,16,1190,1393.5,0.853964837,0.624321016,0.32,1150.0
BSU1151,G05401,差速器油,2020-08-23,Nissan,2001,Altima,19,1150,1393.5,0.825260136,0.645775327,0.24,1514.0
BSU1151,G05503,差速器油,2024-10-15,Nissan,2001,Altima,23,1514,1393.5,1.08647291,0.789671397,,
BSU1151,G05096,平衡桿連桿,2007-06-28,Nissan,2001,Altima,6,0,1402.0,0.0,0.154465265,0.3,1225.0
BSU1151,G05165,平衡桿連桿,2010-11-04,Nissan,2001,Altima,9,1225,1402.0,0.873751783,0.549216012,0.26,1423.0
BSU1151,G05259,平衡桿連桿,2014-09-27,Nissan,2001,Altima,13,1423,1402.0,1.014978602,0.663729146,0.33,1113.0
BSU1151,G05336,平衡桿連桿,2017-10-14,Nissan,2001,Altima,16,1113,1402.0,0.793865906,0.59573656,0.23,1572.0
BSU1151,G05438,平衡桿連桿,2022-02-02,Nissan,2001,Altima,21,1572,1402.0,1.12125535,0.784571848,0.26,1404.0
BSU1151,G05101,彈簧,2007-06-28,Nissan,2001,Altima,6,0,3240.5,0.0,0.154465265,0.1,3552.0
BSU1151,G05316,彈簧,2017-03-19,Nissan,2001,Altima,16,3552,3240.5,1.096127141,0.729532955,0.11,3185.0
BSU1151,G05180,懸吊臂,2011-01-25,Nissan,2001,Altima,10,0,3165.0,0.0,0.182425524,0.1,3498.0
BSU1151,G05403,懸吊臂,2020-08-23,Nissan,2001,Altima,19,3498,3165.0,1.10521327,0.761410211,,
BSU1151,G05183,懸吊臂襯套,2011-05-20,Nissan,2001,Altima,10,0,2426.5,0.0,0.182425524,0.16,2339.0
BSU1151,G05332,懸吊臂襯套,2017-10-14,Nissan,2001,Altima,16,2339,2426.5,0.963939831,0.674339807,0.16,2213.0
BSU1151,G05476,懸吊臂襯套,2023-11-05,Nissan,2001,Altima,22,2213,2426.5,0.912013188,0.715861797,,
BSU1151,G05222,手煞車拉線,2013-03-02,Nissan,2001,Altima,12,0,1705.0,0.0,0.197816111,0.25,1478.0
BSU1151,G05318,手煞車拉線,2017-03-19,Nissan,2001,Altima,16,1478,1705.0,0.86686217,0.630351335,0.25,1442.0
BSU1151,G05410,手煞車拉線,2021-02-28,Nissan,2001,Altima,20,1442,1705.0,0.845747801,0.666299548,,
BSU1151,G05135,排氣歧管墊片,2009-01-22,Nissan,2001,Altima,8,0,2180.5,0.0,0.167981615,0.16,2215.0
BSU1151,G05270,排氣歧管墊片,2015-02-15,Nissan,2001,Altima,14,2215,2180.5,1.015822059,0.675165959,0.16,2315.0
BSU1151,G05423,排氣歧管墊片,2021-06-18,Nissan,2001,Altima,20,2315,2180.5,1.0616831,0.754612578,,
BSU1151,G05141,排氣管,2009-04-26,Nissan,2001,Altima,8,0,2059.0,0.0,0.167981615,0.18,1980.0
BSU1151,G05261,排氣管,2014-09-27,Nissan,2001,Altima,13,1980,2059.0,0.96163186,0.63951592,0.2,1851.0
BSU1151,G05378,排氣管,2019-10-22,Nissan,2001,Altima,18,1851,2059.0,0.898980087,0.667735362,0.21,1724.0
BSU1151,G05490,排氣管,2024-07-11,Nissan,2001,Altima,23,1724,2059.0,0.83729966,0.695211775,,
BSU1151,G05204,方向機油,2012-07-15,Nissan,2001,Altima,11,0,1437.0,0.0,0.190001566,0.26,1409.0
BSU1151,G05302,方向機油,2016-05-24,Nissan,2001,Altima,15,1409,1437.0,0.980514962,0.670628695,0.32,1154.0
BSU1151,G05375,方向機油,2019-07-22,Nissan,2001,Altima,18,1154,1437.0,0.803061935,0.62389738,0.32,1151.0
BSU1151,G05455,方向機油,2022-09-15,Nissan,2001,Altima,21,1151,1437.0,0.800974252,0.657449419,,
BSU1151,G05140,方向燈燈泡,2009-04-26,Nissan,2001,Altima,8,0,949.5,0.0,0.167981615,0.34,1079.0
BSU1151,G05198,方向燈燈泡,2012-04-09,Nissan,2001,Altima,11,1079,949.5,1.136387572,0.694825109,0.45,809.0
BSU1151,G05251,方向燈燈泡,2014-06-27,Nissan,2001,Altima,13,809,949.5,0.852027383,0.587600502,0.3,1205.0
BSU1151,G05335,方向燈燈泡,2017-10-14,Nissan,2001,Altima,16,1205,949.5,1.269088994,0.792190153,0.38,949.0
BSU1151,G05394,方向燈燈泡,2020-05-20,Nissan,2001,Altima,19,949,949.5,0.999473407,0.720903325,0.34,1070.0
BSU1151,G05462,方向燈燈泡,2023-04-25,Nissan,2001,Altima,22,1070,949.5,1.126908899,0.794753091,,
BSU1151,G05236,方向盤,2013-10-16,Nissan,2001,Altima,12,0,5639.0,0.0,0.197816111,,
BSU1151,G05093,機油,2006-10-11,Nissan,2001,Altima,5,0,395.0,0.0,0.148047198,0.44,834.0
BSU1151,G05128,機油,2009-01-22,Nissan,2001,Altima,8,834,395.0,2.111392405,0.932313653,0.56,651.0
BSU1151,G05169,機油,2010-11-04,Nissan,2001,Altima,9,651,395.0,1.648101266,0.85147319,1.22,299.0
BSU1151,G05189,機油,2011-08-30,Nissan,2001,Altima,10,299,395.0,0.756962025,0.503480956,1.64,223.0
BSU1151,G05195,機油,2012-04-09,Nissan,2001,Altima,11,223,395.0,0.564556962,0.42045982,1.82,201.0
BSU1151,G05214,機油,2012-10-27,Nissan,2001,Altima,11,201,395.0,0.508860759,0.393582383,1.03,354.0
BSU1151,G05237,機油,2013-10-16,Nissan,2001,Altima,12,354,395.0,0.896202532,0.596861535,1.44,254.0
BSU1151,G05255,機油,2014-06-27,Nissan,2001,Altima,13,254,395.0,0.643037975,0.484024427,1.57,233.0
BSU1151,G05271,機油,2015-02-15,Nissan,2001,Altima,14,233,395.0,0.589873418,0.469972885,1.02,357.0
BSU1151,G05295,機油,2016-02-07,Nissan,2001,Altima,15,357,395.0,0.903797468,0.635895873,0.9,406.0
BSU1151,G05320,機油,2017-03-19,Nissan,2001,Altima,16,406,395.0,1.027848101,0.701760684,1.14,321.0
BSU1151,G05338,機油,2018-02-03,Nissan,2001,Altima,17,321,395.0,0.812658228,0.616641316,0.68,534.0
BSU1151,G05369,機油,2019-07-22,Nissan,2001,Altima,18,534,395.0,1.351898734,0.832548465,0.92,398.0
BSU1151,G05402,機油,2020-08-23,Nissan,2001,Altima,19,398,395.0,1.007594937,0.7241597,0.69,528.0
BSU1151,G05435,機油,2022-02-02,Nissan,2001,Altima,21,528,395.0,1.336708861,0.848568537,0.57,641.0
BSU1151,G05478,機油,2023-11-05,Nissan,2001,Altima,22,641,395.0,1.62278481,0.912581433,1.47,249.0
BSU1151,G05491,機油,2024-07-11,Nissan,2001,Altima,23,249,395.0,0.630379747,0.601269977,,
BSU1151,G05125,機油壓力感測器,2008-09-24,Nissan,2001,Altima,7,0,2168.5,0.0,0.16110895,0.17,2194.0
BSU1151,G05264,機油壓力感測器,2014-09-27,Nissan,2001,Altima,13,2194,2168.5,1.011759281,0.662290576,0.21,1759.0
BSU1151,G05370,機油壓力感測器,2019-07-22,Nissan,2001,Altima,18,1759,2168.5,0.811159788,0.627690001,0.17,2099.0
BSU1151,G05506,機油壓力感測器,2025-04-20,Nissan,2001,Altima,24,2099,2168.5,0.967950196,0.756926151,,
BSU1151,G05217,機油散熱器,2013-03-02,Nissan,2001,Altima,12,0,3026.5,0.0,0.197816111,0.12,3030.0
BSU1151,G05417,機油散熱器,2021-06-18,Nissan,2001,Altima,20,3030,3026.5,1.001156451,0.73151308,,
BSU1151,G05085,機油濾芯,2006-05-05,Nissan,2001,Altima,5,0,503.0,0.0,0.148047198,0.87,419.0
BSU1151,G05097,機油濾芯,2007-06-28,Nissan,2001,Altima,6,419,503.0,0.833001988,0.491501812,0.55,668.0
BSU1151,G05138,機油濾芯,2009-04-26,Nissan,2001,Altima,8,668,503.0,1.328031809,0.741937579,1.07,340.0
BSU1151,G05150,機油濾芯,2010-04-01,Nissan,2001,Altima,9,340,503.0,0.675944334,0.450633523,0.88,414.0
BSU1151,G05188,機油濾芯,2011-05-20,Nissan,2001,Altima,10,414,503.0,0.82306163,0.536465953,0.69,526.0
BSU1151,G05212,機油濾芯,2012-10-27,Nissan,2001,Altima,11,526,503.0,1.045725646,0.655081453,0.71,517.0
BSU1151,G05241,機油濾芯,2014-03-28,Nissan,2001,Altima,13,517,503.0,1.027833002,0.669442799,0.54,681.0
BSU1151,G05289,機油濾芯,2016-02-07,Nissan,2001,Altima,15,681,503.0,1.35387674,0.811188835,0.39,929.0
BSU1151,G05354,機油濾芯,2018-08-24,Nissan,2001,Altima,17,929,503.0,1.846918489,0.927158385,0.86,424.0
BSU1151,G05380,機油濾芯,2019-10-22,Nissan,2001,Altima,18,424,503.0,0.842942346,0.642420347,0.17,2123.0
BSU1151,G05514,機油濾芯,2025-08-14,Nissan,2001,Altima,24,2123,503.0,4.220675944,0.999520052,,
BSU1151,G05157,機腳墊,2010-07-27,Nissan,2001,Altima,9,0,3108.0,0.0,0.175086268,0.13,2748.0
BSU1151,G05344,機腳墊,2018-02-03,Nissan,2001,Altima,17,2748,3108.0,0.884169884,0.649840861,,
BSU1151,G05213,正時皮帶,2012-10-27,Nissan,2001,Altima,11,0,1716.0,0.0,0.190001566,0.17,2127.0
BSU1151,G05358,正時皮帶,2018-08-24,Nissan,2001,Altima,17,2127,1716.0,1.23951049,0.790678647,0.21,1705.0
BSU1151,G05457,正時皮帶,2023-04-25,Nissan,2001,Altima,22,1705,1716.0,0.993589744,0.747850229,,
BSU1151,G05216,水幫浦,2012-10-27,Nissan,2001,Altima,11,0,2234.0,0.0,0.190001566,0.17,2127.0
BSU1151,G05355,水幫浦,2018-08-24,Nissan,2001,Altima,17,2127,2234.0,0.95210385,0.680094844,0.16,2244.0
BSU1151,G05500,水幫浦,2024-10-15,Nissan,2001,Altima,23,2244,2234.0,1.004476276,0.761142336,,
BSU1151,G05086,水箱,2006-05-05,Nissan,2001,Altima,5,0,3074.0,0.0,0.148047198,0.13,2884.0
BSU1151,G05246,水箱,2014-03-28,Nissan,2001,Altima,13,2884,3074.0,0.938191282,0.628639008,0.12,2977.0
BSU1151,G05444,水箱,2022-05-22,Nissan,2001,Altima,21,2977,3074.0,0.968445023,0.728473211,,
BSU1151,G05218,汽缸蓋墊片,2013-03-02,Nissan,2001,Altima,12,0,3063.0,0.0,0.197816111,0.12,3030.0
BSU1151,G05422,汽缸蓋墊片,2021-06-18,Nissan,2001,Altima,20,3030,3063.0,0.989226249,0.72680105,,
BSU1151,G05092,油箱,2006-10-11,Nissan,2001,Altima,5,0,5933.0,0.0,0.148047198,0.06,6579.0
BSU1151,G05504,油箱,2024-10-15,Nissan,2001,Altima,23,6579,5933.0,1.108882521,0.797018823,,
BSU1151,G05118,油箱蓋,2008-04-19,Nissan,2001,Altima,7,0,2134.0,0.0,0.16110895,0.15,2493.0
BSU1151,G05268,油箱蓋,2015-02-15,Nissan,2001,Altima,14,2493,2134.0,1.168228679,0.738165873,0.2,1829.0
BSU1151,G05391,油箱蓋,2020-02-18,Nissan,2001,Altima,19,1829,2134.0,0.857075914,0.660192421,,
BSU1151,G05143,濾泡,2009-04-26,Nissan,2001,Altima,8,0,1062.5,0.0,0.167981615,0.43,856.0
BSU1151,G05194,濾泡,2011-08-30,Nissan,2001,Altima,10,856,1062.5,0.805647059,0.527794846,0.32,1124.0
BSU1151,G05260,濾泡,2014-09-27,Nissan,2001,Altima,13,1124,1062.5,1.057882353,0.682604003,0.27,1329.0
BSU1151,G05347,濾泡,2018-05-18,Nissan,2001,Altima,17,1329,1062.5,1.250823529,0.794398772,0.32,1127.0
BSU1151,G05424,濾泡,2021-06-18,Nissan,2001,Altima,20,1127,1062.5,1.060705882,0.75425049,0.42,870.0
BSU1151,G05474,濾泡,2023-11-05,Nissan,2001,Altima,22,870,1062.5,0.818823529,0.676481119,,
BSU1151,G05082,火星塞,2006-05-05,Nissan,2001,Altima,5,0,1081.0,0.0,0.148047198,0.51,715.0
BSU1151,G05112,火星塞,2008-04-19,Nissan,2001,Altima,7,715,1081.0,0.661424607,0.418934042,0.39,929.0
BSU1151,G05170,火星塞,2010-11-04,Nissan,2001,Altima,9,929,1081.0,0.859389454,0.542094847,0.43,849.0
BSU1151,G05219,火星塞,2013-03-02,Nissan,2001,Altima,12,849,1081.0,0.785383904,0.542588506,0.34,1072.0
BSU1151,G05290,火星塞,2016-02-07,Nissan,2001,Altima,15,1072,1081.0,0.991674376,0.675539702,0.39,929.0
BSU1151,G05356,火星塞,2018-08-24,Nissan,2001,Altima,17,929,1081.0,0.859389454,0.638481367,0.32,1130.0
BSU1151,G05427,火星塞,2021-09-27,Nissan,2001,Altima,20,1130,1081.0,1.0453284,0.748505381,0.28,1301.0
BSU1151,G05507,火星塞,2025-04-20,Nissan,2001,Altima,24,1301,1081.0,1.203515264,0.832998706,,
BSU1151,G05100,煞車主缸,2007-06-28,Nissan,2001,Altima,6,0,3014.5,0.0,0.154465265,0.11,3349.0
BSU1151,G05311,煞車主缸,2016-08-28,Nissan,2001,Altima,15,3349,3014.5,1.110963676,0.725503493,0.11,3273.0
BSU1151,G05519,煞車主缸,2025-08-14,Nissan,2001,Altima,24,3273,3014.5,1.085752198,0.797623103,,
BSU1151,G05111,煞車分泵,2007-12-05,Nissan,2001,Altima,6,0,2125.0,0.0,0.154465265,0.17,2142.0
BSU1151,G05233,煞車分泵,2013-10-16,Nissan,2001,Altima,12,2142,2125.0,1.008,0.649308265,0.17,2105.0
BSU1151,G05374,煞車分泵,2019-07-22,Nissan,2001,Altima,18,2105,2125.0,0.990588235,0.707065955,,
BSU1151,G05145,煞車助力器,2009-08-24,Nissan,2001,Altima,8,0,3083.0,0.0,0.167981615,0.13,2867.0
BSU1151,G05322,煞車助力器,2017-06-30,Nissan,2001,Altima,16,2867,3083.0,0.929938372,0.6592327,,
BSU1151,G05164,煞車油,2010-07-27,Nissan,2001,Altima,9,0,781.0,0.0,0.175086268,0.51,719.0
BSU1151,G05203,煞車油,2012-07-15,Nissan,2001,Altima,11,719,781.0,0.920614597,0.596578568,0.51,712.0
BSU1151,G05252,煞車油,2014-06-27,Nissan,2001,Altima,13,712,781.0,0.911651729,0.616165342,0.52,697.0
BSU1151,G05298,煞車油,2016-05-24,Nissan,2001,Altima,15,697,781.0,0.892445583,0.630623174,0.5,724.0
BSU1151,G05348,煞車油,2018-05-18,Nissan,2001,Altima,17,724,781.0,0.927016645,0.669081397,0.5,733.0
BSU1151,G05397,煞車油,2020-05-20,Nissan,2001,Altima,19,733,781.0,0.938540333,0.695737298,0.5,732.0
BSU1151,G05442,煞車油,2022-05-22,Nissan,2001,Altima,21,732,781.0,0.937259923,0.71596216,0.53,683.0
BSU1151,G05483,煞車油,2024-04-04,Nissan,2001,Altima,23,683,781.0,0.874519846,0.710752119,,
BSU1151,G05126,煞車燈燈泡,2008-09-24,Nissan,2001,Altima,7,0,962.0,0.0,0.16110895,0.38,968.0
BSU1151,G05185,煞車燈燈泡,2011-05-20,Nissan,2001,Altima,10,968,962.0,1.006237006,0.625386261,0.41,880.0
BSU1151,G05238,煞車燈燈泡,2013-10-16,Nissan,2001,Altima,12,880,962.0,0.914760915,0.60575948,0.43,844.0
BSU1151,G05296,煞車燈燈泡,2016-02-07,Nissan,2001,Altima,15,844,962.0,0.877338877,0.62355799,0.39,929.0
BSU1151,G05359,煞車燈燈泡,2018-08-24,Nissan,2001,Altima,17,929,962.0,0.965696466,0.685980245,0.4,919.0
BSU1151,G05415,煞車燈燈泡,2021-02-28,Nissan,2001,Altima,20,919,962.0,0.955301455,0.713123521,0.37,980.0
BSU1151,G05475,煞車燈燈泡,2023-11-05,Nissan,2001,Altima,22,980,962.0,1.018711019,0.757206008,,
BSU1151,G05122,煞車皮,2008-09-24,Nissan,2001,Altima,7,0,979.0,0.0,0.16110895,0.54,671.0
BSU1151,G05159,煞車皮,2010-07-27,Nissan,2001,Altima,9,671,979.0,0.685393258,0.45531616,0.34,1066.0
BSU1151,G05229,煞車皮,2013-06-27,Nissan,2001,Altima,12,1066,979.0,1.08886619,0.685191184,0.45,806.0
BSU1151,G05288,煞車皮,2015-09-11,Nissan,2001,Altima,14,806,979.0,0.82328907,0.585787542,0.34,1078.0
BSU1151,G05360,煞車皮,2018-08-24,Nissan,2001,Altima,17,1078,979.0,1.101123596,0.741206188,0.5,730.0
BSU1151,G05405,煞車皮,2020-08-23,Nissan,2001,Altima,19,730,979.0,0.745658836,0.608572961,0.31,1169.0
BSU1151,G05473,煞車皮,2023-11-05,Nissan,2001,Altima,22,1169,979.0,1.194075587,0.815800612,,
BSU1151,G05144,煞車硬管,2009-08-24,Nissan,2001,Altima,8,0,3323.5,0.0,0.167981615,0.1,3830.0
BSU1151,G05389,煞車硬管,2020-02-18,Nissan,2001,Altima,19,3830,3323.5,1.152399579,0.778129513,,
BSU1151,G05091,煞車碟盤,2006-10-11,Nissan,2001,Altima,5,0,1602.5,0.0,0.148047198,0.23,1567.0
BSU1151,G05175,煞車碟盤,2011-01-25,Nissan,2001,Altima,10,1567,1602.5,0.977847114,0.611992232,0.23,1576.0
BSU1151,G05279,煞車碟盤,2015-05-20,Nissan,2001,Altima,14,1576,1602.5,0.983463339,0.66081465,0.21,1735.0
BSU1151,G05388,煞車碟盤,2020-02-18,Nissan,2001,Altima,19,1735,1602.5,1.082683307,0.75312826,0.23,1605.0
BSU1151,G05492,煞車碟盤,2024-07-11,Nissan,2001,Altima,23,1605,1602.5,1.001560062,0.760080359,,
BSU1151,G05083,煞車軟管,2006-05-05,Nissan,2001,Altima,5,0,1699.5,0.0,0.148047198,0.22,1644.0
BSU1151,G05166,煞車軟管,2010-11-04,Nissan,2001,Altima,9,1644,1699.5,0.967343336,0.595002972,0.17,2124.0
BSU1151,G05306,煞車軟管,2016-08-28,Nissan,2001,Altima,15,2124,1699.5,1.249779347,0.77722346,0.22,1645.0
BSU1151,G05413,煞車軟管,2021-02-28,Nissan,2001,Altima,20,1645,1699.5,0.967931745,0.718263345,,
BSU1151,G05116,燃油噴射器,2008-04-19,Nissan,2001,Altima,7,0,2099.5,0.0,0.16110895,0.16,2260.0
BSU1151,G05249,燃油噴射器,2014-06-27,Nissan,2001,Altima,13,2260,2099.5,1.076446773,0.690593098,0.14,2649.0
BSU1151,G05426,燃油噴射器,2021-09-27,Nissan,2001,Altima,20,2649,2099.5,1.261728983,0.821047119,,
BSU1151,G05172,燃油壓力調節器,2010-11-04,Nissan,2001,Altima,9,0,2265.0,0.0,0.175086268,0.19,1921.0
BSU1151,G05293,燃油壓力調節器,2016-02-07,Nissan,2001,Altima,15,1921,2265.0,0.84812362,0.609746612,0.12,2979.0
BSU1151,G05487,燃油壓力調節器,2024-04-04,Nissan,2001,Altima,23,2979,2265.0,1.315231788,0.855754099,,
BSU1151,G05224,燃油幫浦,2013-03-02,Nissan,2001,Altima,12,0,3368.0,0.0,0.197816111,0.11,3368.0
BSU1151,G05448,燃油幫浦,2022-05-22,Nissan,2001,Altima,21,3368,3368.0,1.0,0.740774899,,
BSU1151,G05115,燃油液位感測器,2008-04-19,Nissan,2001,Altima,7,0,3045.5,0.0,0.16110895,0.12,2957.0
BSU1151,G05300,燃油液位感測器,2016-05-24,Nissan,2001,Altima,15,2957,3045.5,0.970940732,0.666385337,0.11,3253.0
BSU1151,G05512,燃油液位感測器,2025-04-20,Nissan,2001,Altima,24,3253,3045.5,1.068133311,0.791875319,,
BSU1151,G05095,燃油濾芯,2006-10-11,Nissan,2001,Altima,5,0,1444.0,0.0,0.148047198,0.23,1567.0
BSU1151,G05174,燃油濾芯,2011-01-25,Nissan,2001,Altima,10,1567,1444.0,1.085180055,0.661583789,0.25,1482.0
BSU1151,G05267,燃油濾芯,2015-02-15,Nissan,2001,Altima,14,1482,1444.0,1.026315789,0.679751836,0.21,1710.0
BSU1151,G05379,燃油濾芯,2019-10-22,Nissan,2001,Altima,18,1710,1444.0,1.184210526,0.780472338,0.21,1724.0
BSU1151,G05493,燃油濾芯,2024-07-11,Nissan,2001,Altima,23,1724,1444.0,1.193905817,0.823146376,,
BSU1151,G05110,燃油精,2007-12-05,Nissan,2001,Altima,6,0,369.0,0.0,0.154465265,0.88,414.0
BSU1151,G05132,燃油精,2009-01-22,Nissan,2001,Altima,8,414,369.0,1.12195122,0.655635079,1.71,214.0
BSU1151,G05148,燃油精,2009-08-24,Nissan,2001,Altima,8,214,369.0,0.579945799,0.39171514,0.7,519.0
BSU1151,G05173,燃油精,2011-01-25,Nissan,2001,Altima,10,519,369.0,1.406504065,0.78801609,0.83,440.0
BSU1151,G05199,燃油精,2012-04-09,Nissan,2001,Altima,11,440,369.0,1.192411924,0.718052914,1.12,327.0
BSU1151,G05223,燃油精,2013-03-02,Nissan,2001,Altima,12,327,369.0,0.886178862,0.592028564,0.76,482.0
BSU1151,G05250,燃油精,2014-06-27,Nissan,2001,Altima,13,482,369.0,1.306233062,0.779450345,0.52,697.0
BSU1151,G05297,燃油精,2016-05-24,Nissan,2001,Altima,15,697,369.0,1.888888889,0.926066347,1.22,299.0
BSU1151,G05313,燃油精,2017-03-19,Nissan,2001,Altima,16,299,369.0,0.810298103,0.603625908,0.86,425.0
BSU1151,G05349,燃油精,2018-05-18,Nissan,2001,Altima,17,425,369.0,1.151761518,0.760153825,0.7,522.0
BSU1151,G05383,燃油精,2019-10-22,Nissan,2001,Altima,18,522,369.0,1.414634146,0.849318803,1.19,306.0
BSU1151,G05408,燃油精,2020-08-23,Nissan,2001,Altima,19,306,369.0,0.829268293,0.647606905,1.22,299.0
BSU1151,G05420,燃油精,2021-06-18,Nissan,2001,Altima,20,299,369.0,0.810298103,0.650354134,0.54,676.0
BSU1151,G05458,燃油精,2023-04-25,Nissan,2001,Altima,22,676,369.0,1.83197832,0.940696746,1.06,345.0
BSU1151,G05486,燃油精,2024-04-04,Nissan,2001,Altima,23,345,369.0,0.93495935,0.734956763,0.96,381.0
BSU1151,G05508,燃油精,2025-04-20,Nissan,2001,Altima,24,381,369.0,1.032520325,0.779892607,,
BSU1151,G05088,燃油蒸氣回收系統,2006-10-11,Nissan,2001,Altima,5,0,2987.5,0.0,0.148047198,0.1,3812.0
BSU1151,G05315,燃油蒸氣回收系統,2017-03-19,Nissan,2001,Altima,16,3812,2987.5,1.275983264,0.794450945,0.14,2671.0
BSU1151,G05489,燃油蒸氣回收系統,2024-07-11,Nissan,2001,Altima,23,2671,2987.5,0.894058577,0.718719175,,
BSU1151,G05200,燃油軌,2012-04-09,Nissan,2001,Altima,11,0,3910.0,0.0,0.190001566,0.1,3811.0
BSU1151,G05453,燃油軌,2022-09-15,Nissan,2001,Altima,21,3811,3910.0,0.974680307,0.730932849,,
BSU1151,G05243,球頭,2014-03-28,Nissan,2001,Altima,13,0,2132.0,0.0,0.205870372,0.17,2153.0
BSU1151,G05390,球頭,2020-02-18,Nissan,2001,Altima,19,2153,2132.0,1.009849906,0.72505966,0.18,2004.0
BSU1151,G05515,球頭,2025-08-14,Nissan,2001,Altima,24,2004,2132.0,0.939962477,0.746479781,,
BSU1151,G05130,發電機,2009-01-22,Nissan,2001,Altima,8,0,2216.5,0.0,0.167981615,0.19,1891.0
BSU1151,G05244,發電機,2014-03-28,Nissan,2001,Altima,13,1891,2216.5,0.853146853,0.58814295,0.16,2245.0
BSU1151,G05399,發電機,2020-05-20,Nissan,2001,Altima,19,2245,2216.5,1.01285811,0.726257394,,
BSU1151,G05287,發電機皮帶,2015-09-11,Nissan,2001,Altima,14,0,976.0,0.0,0.214165017,0.37,980.0
BSU1151,G05352,發電機皮帶,2018-05-18,Nissan,2001,Altima,17,980,976.0,1.004098361,0.70228376,0.36,1017.0
BSU1151,G05416,發電機皮帶,2021-02-28,Nissan,2001,Altima,20,1017,976.0,1.042008197,0.747253296,0.41,886.0
BSU1151,G05467,發電機皮帶,2023-08-03,Nissan,2001,Altima,22,886,976.0,0.907786885,0.714139373,0.43,857.0
BSU1151,G05081,發電機碳刷,2006-05-05,Nissan,2001,Altima,5,0,1405.0,0.0,0.148047198,0.26,1427.0
BSU1151,G05151,發電機碳刷,2010-04-01,Nissan,2001,Altima,9,1427,1405.0,1.015658363,0.618058752,0.2,1781.0
BSU1151,G05266,發電機碳刷,2015-02-15,Nissan,2001,Altima,14,1781,1405.0,1.267615658,0.774732865,0.23,1618.0
BSU1151,G05373,發電機碳刷,2019-07-22,Nissan,2001,Altima,18,1618,1405.0,1.151601423,0.769094062,0.32,1151.0
BSU1151,G05454,發電機碳刷,2022-09-15,Nissan,2001,Altima,21,1151,1405.0,0.819217082,0.665618508,,
BSU1151,G05127,碳罐,2008-09-24,Nissan,2001,Altima,7,0,3056.0,0.0,0.16110895,0.11,3307.0
BSU1151,G05333,碳罐,2017-10-14,Nissan,2001,Altima,16,3307,3056.0,1.082133508,0.723975319,,
BSU1151,G05131,空氣流量感測器,2009-01-22,Nissan,2001,Altima,8,0,2213.5,0.0,0.167981615,0.18,2074.0
BSU1151,G05257,空氣流量感測器,2014-09-27,Nissan,2001,Altima,13,2074,2213.5,0.936977637,0.628072176,0.14,2685.0
BSU1151,G05440,空氣流量感測器,2022-02-02,Nissan,2001,Altima,21,2685,2213.5,1.213011068,0.813970996,,
BSU1151,G05119,空氣濾芯,2008-04-19,Nissan,2001,Altima,7,0,436.0,0.0,0.16110895,0.98,372.0
BSU1151,G05142,空氣濾芯,2009-04-26,Nissan,2001,Altima,8,372,436.0,0.853211009,0.526580423,1.07,340.0
BSU1151,G05152,空氣濾芯,2010-04-01,Nissan,2001,Altima,9,340,436.0,0.779816514,0.502408238,0.71,516.0
BSU1151,G05190,空氣濾芯,2011-08-30,Nissan,2001,Altima,10,516,436.0,1.183486239,0.704115343,0.66,550.0
BSU1151,G05220,空氣濾芯,2013-03-02,Nissan,2001,Altima,12,550,436.0,1.26146789,0.754532867,0.76,482.0
BSU1151,G05256,空氣濾芯,2014-06-27,Nissan,2001,Altima,13,482,436.0,1.105504587,0.702871457,0.83,441.0
BSU1151,G05281,空氣濾芯,2015-09-11,Nissan,2001,Altima,14,441,436.0,1.01146789,0.673253168,1.04,352.0
BSU1151,G05312,空氣濾芯,2016-08-28,Nissan,2001,Altima,15,352,436.0,0.80733945,0.59017259,0.7,524.0
BSU1151,G05343,空氣濾芯,2018-02-03,Nissan,2001,Altima,17,524,436.0,1.201834862,0.777934462,0.86,425.0
BSU1151,G05363,空氣濾芯,2019-04-04,Nissan,2001,Altima,18,425,436.0,0.974770642,0.700470908,0.89,412.0
BSU1151,G05393,空氣濾芯,2020-05-20,Nissan,2001,Altima,19,412,436.0,0.944954128,0.698445893,0.59,623.0
BSU1151,G05436,空氣濾芯,2022-02-02,Nissan,2001,Altima,21,623,436.0,1.428899083,0.870771581,0.67,547.0
BSU1151,G05469,空氣濾芯,2023-08-03,Nissan,2001,Altima,22,547,436.0,1.254587156,0.833296719,0.83,439.0
BSU1151,G05502,空氣濾芯,2024-10-15,Nissan,2001,Altima,23,439,436.0,1.006880734,0.762015521,,
BSU1151,G05225,空調皮帶,2013-06-27,Nissan,2001,Altima,12,0,932.0,0.0,0.197816111,0.38,955.0
BSU1151,G05291,空調皮帶,2016-02-07,Nissan,2001,Altima,15,955,932.0,1.024678112,0.689836754,0.44,831.0
BSU1151,G05351,空調皮帶,2018-05-18,Nissan,2001,Altima,17,831,932.0,0.891630901,0.653228698,0.44,828.0
BSU1151,G05406,空調皮帶,2020-08-23,Nissan,2001,Altima,19,828,932.0,0.888412017,0.674107942,0.48,753.0
BSU1151,G05449,空調皮帶,2022-09-15,Nissan,2001,Altima,21,753,932.0,0.807939914,0.660579971,0.48,761.0
BSU1151,G05498,空調皮帶,2024-10-15,Nissan,2001,Altima,23,761,932.0,0.816523605,0.686336486,,
BSU1151,G05106,節氣門體,2007-12-05,Nissan,2001,Altima,6,0,942.0,0.0,0.154465265,0.38,965.0
BSU1151,G05162,節氣門體,2010-07-27,Nissan,2001,Altima,9,965,942.0,1.024416136,0.622184872,0.44,823.0
BSU1151,G05209,節氣門體,2012-10-27,Nissan,2001,Altima,11,823,942.0,0.873673036,0.573793614,0.39,935.0
BSU1151,G05273,節氣門體,2015-05-20,Nissan,2001,Altima,14,935,942.0,0.992569002,0.66488448,0.42,878.0
BSU1151,G05334,節氣門體,2017-10-14,Nissan,2001,Altima,16,878,942.0,0.932059448,0.660185033,0.38,949.0
BSU1151,G05398,節氣門體,2020-05-20,Nissan,2001,Altima,19,949,942.0,1.007430998,0.724094201,0.43,848.0
BSU1151,G05456,節氣門體,2022-09-15,Nissan,2001,Altima,21,848,942.0,0.900212314,0.70065621,0.48,761.0
BSU1151,G05501,節氣門體,2024-10-15,Nissan,2001,Altima,23,761,942.0,0.807855626,0.682592422,,
BSU1151,G05104,節溫器,2007-12-05,Nissan,2001,Altima,6,0,1395.0,0.0,0.154465265,0.29,1262.0
BSU1151,G05181,節溫器,2011-05-20,Nissan,2001,Altima,10,1262,1395.0,0.904659498,0.576719027,0.21,1724.0
BSU1151,G05292,節溫器,2016-02-07,Nissan,2001,Altima,15,1724,1395.0,1.235842294,0.77235987,0.29,1261.0
BSU1151,G05376,節溫器,2019-07-22,Nissan,2001,Altima,18,1261,1395.0,0.903942652,0.669933721,0.23,1567.0
BSU1151,G05479,節溫器,2023-11-05,Nissan,2001,Altima,22,1567,1395.0,1.123297491,0.793572392,,
BSU1151,G05163,線束,2010-07-27,Nissan,2001,Altima,9,0,4101.0,0.0,0.175086268,0.1,3585.0
BSU1151,G05400,線束,2020-05-20,Nissan,2001,Altima,19,3585,4101.0,0.87417703,0.667822745,,
BSU1151,G05136,繼電器,2009-04-26,Nissan,2001,Altima,8,0,2202.0,0.0,0.167981615,0.16,2215.0
BSU1151,G05277,繼電器,2015-05-20,Nissan,2001,Altima,14,2215,2202.0,1.005903724,0.670800417,0.14,2559.0
BSU1151,G05441,繼電器,2022-05-22,Nissan,2001,Altima,21,2559,2202.0,1.162125341,0.798066047,,
BSU1151,G05176,胎壓偵測器,2011-01-25,Nissan,2001,Altima,10,0,2090.0,0.0,0.182425524,0.2,1839.0
BSU1151,G05294,胎壓偵測器,2016-02-07,Nissan,2001,Altima,15,1839,2090.0,0.879904306,0.624761608,0.14,2634.0
BSU1151,G05463,胎壓偵測器,2023-04-25,Nissan,2001,Altima,22,2634,2090.0,1.260287081,0.834874299,,
BSU1151,G05191,萬向接頭,2011-08-30,Nissan,2001,Altima,10,0,2191.0,0.0,0.182425524,0.17,2131.0
BSU1151,G05324,萬向接頭,2017-06-30,Nissan,2001,Altima,16,2131,2191.0,0.972615244,0.67813856,0.14,2568.0
BSU1151,G05495,萬向接頭,2024-07-11,Nissan,2001,Altima,23,2568,2191.0,1.172067549,0.816698117,,
BSU1151,G05156,蒸發器,2010-04-01,Nissan,2001,Altima,9,0,3341.5,0.0,0.175086268,0.13,2865.0
BSU1151,G05342,蒸發器,2018-02-03,Nissan,2001,Altima,17,2865,3341.5,0.857399372,0.637562148,,
BSU1151,G05134,變速箱冷卻器,2009-01-22,Nissan,2001,Altima,8,0,3061.0,0.0,0.167981615,0.12,3081.0
BSU1151,G05325,變速箱冷卻器,2017-06-30,Nissan,2001,Altima,16,3081,3061.0,1.006533812,0.692762811,,
BSU1151,G05149,變速箱油,2010-04-01,Nissan,2001,Altima,9,0,1441.0,0.0,0.175086268,0.25,1457.0
BSU1151,G05245,變速箱油,2014-03-28,Nissan,2001,Altima,13,1457,1441.0,1.0111034,0.661997123,0.31,1190.0
BSU1151,G05323,變速箱油,2017-06-30,Nissan,2001,Altima,16,1190,1441.0,0.825815406,0.611026904,0.24,1550.0
BSU1151,G05429,變速箱油,2021-09-27,Nissan,2001,Altima,20,1550,1441.0,1.075641915,0.759745336,0.33,1114.0
BSU1151,G05499,變速箱油,2024-10-15,Nissan,2001,Altima,23,1114,1441.0,0.773074254,0.667333294,,
BSU1151,G05124,變速箱油溫感測器,2008-09-24,Nissan,2001,Altima,7,0,2174.0,0.0,0.16110895,0.15,2429.0
BSU1151,G05274,變速箱油溫感測器,2015-05-20,Nissan,2001,Altima,14,2429,2174.0,1.117295308,0.718005693,0.16,2322.0
BSU1151,G05431,變速箱油溫感測器,2021-09-27,Nissan,2001,Altima,20,2322,2174.0,1.068077277,0.756972911,,
BSU1151,G05385,變速箱濾網,2020-02-18,Nissan,2001,Altima,19,0,1416.0,0.0,0.259225101,0.23,1605.0
BSU1151,G05494,變速箱濾網,2024-07-11,Nissan,2001,Altima,23,1605,1416.0,1.133474576,0.804859694,,
BSU1151,G05139,變速箱電腦,2009-04-26,Nissan,2001,Altima,8,0,3803.5,0.0,0.167981615,0.09,3950.0
BSU1151,G05387,變速箱電腦,2020-02-18,Nissan,2001,Altima,19,3950,3803.5,1.038517155,0.736340531,,
BSU1151,G05114,車速感知器,2008-04-19,Nissan,2001,Altima,7,0,2412.0,0.0,0.16110895,0.15,2493.0
BSU1151,G05269,車速感知器,2015-02-15,Nissan,2001,Altima,14,2493,2412.0,1.03358209,0.68290713,0.17,2205.0
BSU1151,G05409,車速感知器,2021-02-28,Nissan,2001,Altima,20,2205,2412.0,0.914179104,0.69600767,,
BSU1151,G05078,輪胎,2003-07-04,Nissan,2001,Altima,2,0,893.5,0.0,0.130108474,0.59,621.0
BSU1151,G05079,輪胎,2005-03-16,Nissan,2001,Altima,4,621,893.5,0.695019586,0.398921514,0.37,994.0
BSU1151,G05109,輪胎,2007-12-05,Nissan,2001,Altima,6,994,893.5,1.112479015,0.628306387,0.38,965.0
BSU1151,G05161,輪胎,2010-07-27,Nissan,2001,Altima,9,965,893.5,1.080022384,0.647951014,0.31,1177.0
BSU1151,G05239,輪胎,2013-10-16,Nissan,2001,Altima,12,1177,893.5,1.31729155,0.774619717,0.53,695.0
BSU1151,G05285,輪胎,2015-09-11,Nissan,2001,Altima,14,695,893.5,0.777839955,0.563574023,0.55,658.0
BSU1151,G05328,輪胎,2017-06-30,Nissan,2001,Altima,16,658,893.5,0.736429771,0.567794783,0.57,643.0
BSU1151,G05367,輪胎,2019-04-04,Nissan,2001,Altima,18,643,893.5,0.719641858,0.584016518,0.52,696.0
BSU1151,G05414,輪胎,2021-02-28,Nissan,2001,Altima,20,696,893.5,0.778959149,0.635970738,0.46,786.0
BSU1151,G05464,輪胎,2023-04-25,Nissan,2001,Altima,22,786,893.5,0.879686626,0.702529692,0.43,842.0
BSU1151,G05516,輪胎,2025-08-14,Nissan,2001,Altima,24,842,893.5,0.9423615,0.747386726,,
BSU1151,G05146,轉向拉桿,2009-08-24,Nissan,2001,Altima,8,0,2430.5,0.0,0.167981615,0.13,2867.0
BSU1151,G05327,轉向拉桿,2017-06-30,Nissan,2001,Altima,16,2867,2430.5,1.179592676,0.761184658,0.16,2225.0
BSU1151,G05470,轉向拉桿,2023-08-03,Nissan,2001,Altima,22,2225,2430.5,0.915449496,0.717257636,,
BSU1151,G05215,轉向機,2012-10-27,Nissan,2001,Altima,11,0,4080.5,0.0,0.190001566,0.09,4177.0
BSU1151,G05484,轉向機,2024-04-04,Nissan,2001,Altima,23,4177,4080.5,1.023649063,0.768043786,,
BSU1151,G05210,轉向油管,2012-10-27,Nissan,2001,Altima,11,0,2955.0,0.0,0.190001566,0.13,2857.0
BSU1151,G05404,轉向油管,2020-08-23,Nissan,2001,Altima,19,2857,2955.0,0.966835871,0.707582518,,
BSU1151,G05235,進氣歧管,2013-10-16,Nissan,2001,Altima,12,0,1432.0,0.0,0.197816111,0.23,1571.0
BSU1151,G05337,進氣歧管,2018-02-03,Nissan,2001,Altima,17,1571,1432.0,1.097067039,0.739646891,0.25,1460.0
BSU1151,G05433,進氣歧管,2022-02-02,Nissan,2001,Altima,21,1460,1432.0,1.019553073,0.748213366,0.28,1289.0
BSU1151,G05513,進氣歧管,2025-08-14,Nissan,2001,Altima,24,1289,1432.0,0.900139665,0.731113495,,
BSU1151,G05099,避震器,2007-06-28,Nissan,2001,Altima,6,0,2196.0,0.0,0.154465265,0.14,2556.0
BSU1151,G05254,避震器,2014-06-27,Nissan,2001,Altima,13,2556,2196.0,1.163934426,0.726685145,0.18,2062.0
BSU1151,G05386,避震器,2020-02-18,Nissan,2001,Altima,19,2062,2196.0,0.938979964,0.695923394,0.19,1888.0
BSU1151,G05509,避震器,2025-04-20,Nissan,2001,Altima,24,1888,2196.0,0.859744991,0.714938175,,
BSU1151,G05310,防傾桿,2016-08-28,Nissan,2001,Altima,15,0,4006.0,0.0,0.222700139,,
BSU1151,G05357,離合器主缸,2018-08-24,Nissan,2001,Altima,17,0,3130.0,0.0,0.240489083,,
BSU1151,G05105,離合器分離軸承,2007-12-05,Nissan,2001,Altima,6,0,1770.5,0.0,0.154465265,0.18,2031.0
BSU1151,G05232,離合器分離軸承,2013-06-27,Nissan,2001,Altima,12,2031,1770.5,1.147133578,0.709769978,0.27,1361.0
BSU1151,G05314,離合器分離軸承,2017-03-19,Nissan,2001,Altima,16,1361,1770.5,0.768709404,0.583563385,0.2,1781.0
BSU1151,G05437,離合器分離軸承,2022-02-02,Nissan,2001,Altima,21,1781,1770.5,1.005930528,0.743046035,,
BSU1151,G05107,離合器壓板,2007-12-05,Nissan,2001,Altima,6,0,2042.0,0.0,0.154465265,0.15,2488.0
BSU1151,G05262,離合器壓板,2014-09-27,Nissan,2001,Altima,13,2488,2042.0,1.21841332,0.747783686,0.2,1851.0
BSU1151,G05377,離合器壓板,2019-10-22,Nissan,2001,Altima,18,1851,2042.0,0.906464251,0.671047928,,
BSU1151,G05182,離合器片,2011-05-20,Nissan,2001,Altima,10,0,1398.0,0.0,0.182425524,0.23,1575.0
BSU1151,G05284,離合器片,2015-09-11,Nissan,2001,Altima,14,1575,1398.0,1.126609442,0.721762061,0.23,1621.0
BSU1151,G05392,離合器片,2020-02-18,Nissan,2001,Altima,19,1621,1398.0,1.159513591,0.780576172,0.31,1162.0
BSU1151,G05459,離合器片,2023-04-25,Nissan,2001,Altima,22,1162,1398.0,0.831187411,0.681869111,,
BSU1151,G05187,雨刷,2011-05-20,Nissan,2001,Altima,10,0,437.0,0.0,0.182425524,0.86,422.0
BSU1151,G05201,雨刷,2012-07-15,Nissan,2001,Altima,11,422,437.0,0.965675057,0.618066634,1.05,347.0
BSU1151,G05231,雨刷,2013-06-27,Nissan,2001,Altima,12,347,437.0,0.794050343,0.546887007,0.8,457.0
BSU1151,G05258,雨刷,2014-09-27,Nissan,2001,Altima,13,457,437.0,1.04576659,0.67733103,0.6,605.0
BSU1151,G05301,雨刷,2016-05-24,Nissan,2001,Altima,15,605,437.0,1.384439359,0.820373307,0.91,402.0
BSU1151,G05326,雨刷,2017-06-30,Nissan,2001,Altima,16,402,437.0,0.919908467,0.654712077,1.13,322.0
BSU1151,G05345,雨刷,2018-05-18,Nissan,2001,Altima,17,322,437.0,0.736842105,0.580221859,1.14,321.0
BSU1151,G05361,雨刷,2019-04-04,Nissan,2001,Altima,18,321,437.0,0.734553776,0.591243314,1.82,201.0
BSU1151,G05384,雨刷,2019-10-22,Nissan,2001,Altima,18,201,437.0,0.459954233,0.455098409,0.52,706.0
BSU1151,G05432,雨刷,2021-09-27,Nissan,2001,Altima,20,706,437.0,1.615560641,0.903009609,1.03,353.0
BSU1151,G05451,雨刷,2022-09-15,Nissan,2001,Altima,21,353,437.0,0.80778032,0.660508401,0.64,567.0
BSU1151,G05481,雨刷,2024-04-04,Nissan,2001,Altima,23,567,437.0,1.297482838,0.851316701,0.73,497.0
BSU1151,G05518,雨刷,2025-08-14,Nissan,2001,Altima,24,497,437.0,1.137299771,0.813755487,,
BSU1151,G05108,雨刷水管,2007-12-05,Nissan,2001,Altima,6,0,2613.0,0.0,0.154465265,0.17,2142.0
BSU1151,G05240,雨刷水管,2013-10-16,Nissan,2001,Altima,12,2142,2613.0,0.819747417,0.559589155,0.13,2903.0
BSU1151,G05425,雨刷水管,2021-09-27,Nissan,2001,Altima,20,2903,2613.0,1.110983544,0.772409535,,
BSU1151,G05167,雨刷水馬達,2010-11-04,Nissan,2001,Altima,9,0,2474.5,0.0,0.175086268,0.11,3182.0
BSU1151,G05372,雨刷水馬達,2019-07-22,Nissan,2001,Altima,18,3182,2474.5,1.285916347,0.813335787,0.16,2330.0
BSU1151,G05202,電動窗馬達,2012-07-15,Nissan,2001,Altima,11,0,3233.0,0.0,0.190001566,0.1,3714.0
BSU1151,G05452,電動窗馬達,2022-09-15,Nissan,2001,Altima,21,3714,3233.0,1.148778225,0.79372985,,
BSU1151,G05133,電壓調節器,2009-01-22,Nissan,2001,Altima,8,0,3082.0,0.0,0.167981615,0.13,2775.0
BSU1151,G05305,電壓調節器,2016-08-28,Nissan,2001,Altima,15,2775,3082.0,0.900389358,0.63431624,0.13,2874.0
BSU1151,G05496,電壓調節器,2024-07-11,Nissan,2001,Altima,23,2874,3082.0,0.932511356,0.734001951,,
BSU1151,G05094,電瓶,2006-10-11,Nissan,2001,Altima,5,0,860.0,0.0,0.148047198,0.51,714.0
BSU1151,G05121,電瓶,2008-09-24,Nissan,2001,Altima,7,714,860.0,0.830232558,0.502616255,0.47,771.0
BSU1151,G05171,電瓶,2010-11-04,Nissan,2001,Altima,9,771,860.0,0.896511628,0.560458548,0.38,966.0
BSU1151,G05227,電瓶,2013-06-27,Nissan,2001,Altima,12,966,860.0,1.123255814,0.699834865,0.27,1361.0
BSU1151,G05319,電瓶,2017-03-19,Nissan,2001,Altima,16,1361,860.0,1.58255814,0.877085585,0.39,947.0
BSU1151,G05381,電瓶,2019-10-22,Nissan,2001,Altima,18,947,860.0,1.101162791,0.750695596,0.39,943.0
BSU1151,G05447,電瓶,2022-05-22,Nissan,2001,Altima,21,943,860.0,1.096511628,0.776089817,0.53,683.0
BSU1151,G05488,電瓶,2024-04-04,Nissan,2001,Altima,23,683,860.0,0.794186047,0.676639775,,
BSU1151,G05247,駐車煞車機構,2014-03-28,Nissan,2001,Altima,13,0,2359.0,0.0,0.205870372,0.14,2529.0
BSU1151,G05412,駐車煞車機構,2021-02-28,Nissan,2001,Altima,20,2529,2359.0,1.072064434,0.758436897,,
BSU1151,G05103,點火線,2007-06-28,Nissan,2001,Altima,6,0,1406.5,0.0,0.154465265,0.28,1307.0
BSU1151,G05178,點火線,2011-01-25,Nissan,2001,Altima,10,1307,1406.5,0.929257021,0.588680678,0.25,1482.0
BSU1151,G05272,點火線,2015-02-15,Nissan,2001,Altima,14,1482,1406.5,1.053679346,0.691546372,0.24,1509.0
BSU1151,G05366,點火線,2019-04-04,Nissan,2001,Altima,18,1509,1406.5,1.072875933,0.739958307,0.29,1260.0
BSU1151,G05450,點火線,2022-09-15,Nissan,2001,Altima,21,1260,1406.5,0.895840739,0.698819237,,
BSU1151,G05117,點火線圈,2008-04-19,Nissan,2001,Altima,7,0,1711.0,0.0,0.16110895,0.24,1548.0
BSU1151,G05208,點火線圈,2012-07-15,Nissan,2001,Altima,11,1548,1711.0,0.904734074,0.588911681,0.26,1409.0
BSU1151,G05303,點火線圈,2016-05-24,Nissan,2001,Altima,15,1409,1711.0,0.823495032,0.597964276,0.2,1851.0
BSU1151,G05418,點火線圈,2021-06-18,Nissan,2001,Altima,20,1851,1711.0,1.081823495,0.76199476,0.22,1633.0
BSU1151,G05158,鼓風機,2010-07-27,Nissan,2001,Altima,9,0,2717.0,0.0,0.175086268,0.14,2636.0
BSU1151,G05329,鼓風機,2017-10-14,Nissan,2001,Altima,16,2636,2717.0,0.970187707,0.677077944,0.13,2745.0
BSU1151,G05511,鼓風機,2025-04-20,Nissan,2001,Altima,24,2745,2717.0,1.010305484,0.772171051,,
BSU1151,G05090,鼓風機電阻,2006-10-11,Nissan,2001,Altima,5,0,1569.0,0.0,0.148047198,0.26,1385.0
BSU1151,G05160,鼓風機電阻,2010-07-27,Nissan,2001,Altima,9,1385,1569.0,0.882727852,0.55365652,0.26,1431.0
BSU1151,G05253,鼓風機電阻,2014-06-27,Nissan,2001,Altima,13,1431,1569.0,0.912045889,0.616351767,0.24,1519.0
BSU1151,G05353,鼓風機電阻,2018-08-24,Nissan,2001,Altima,17,1519,1569.0,0.968132569,0.687028821,0.19,1899.0
BSU1151,G05477,鼓風機電阻,2023-11-05,Nissan,2001,Altima,22,1899,1569.0,1.210325048,0.820634191,,